channel_id,weight_index,weight_id,relative_change
layer3.5.conv3.weight_ch359,152,layer3.5.conv3.weight_ch359_w152,298084.0
layer3.5.conv3.weight_ch666,93,layer3.5.conv3.weight_ch666_w93,219911.375
layer3.1.conv3.weight_ch376,173,layer3.1.conv3.weight_ch376_w173,211196.40625
layer4.0.conv3.weight_ch1116,432,layer4.0.conv3.weight_ch1116_w432,165125.03125
layer3.0.conv3.weight_ch501,115,layer3.0.conv3.weight_ch501_w115,153794.453125
layer3.0.conv3.weight_ch226,12,layer3.0.conv3.weight_ch226_w12,152439.234375
layer3.1.conv3.weight_ch877,64,layer3.1.conv3.weight_ch877_w64,104059.6328125
layer4.0.conv3.weight_ch1055,24,layer4.0.conv3.weight_ch1055_w24,102674.4296875
layer3.3.conv3.weight_ch140,119,layer3.3.conv3.weight_ch140_w119,87498.7890625
layer4.0.conv3.weight_ch1084,75,layer4.0.conv3.weight_ch1084_w75,81630.5
layer3.2.conv3.weight_ch366,187,layer3.2.conv3.weight_ch366_w187,62394.0703125
layer3.4.conv3.weight_ch558,184,layer3.4.conv3.weight_ch558_w184,62038.58203125
layer3.4.conv3.weight_ch59,223,layer3.4.conv3.weight_ch59_w223,61320.6640625
layer3.2.conv3.weight_ch601,41,layer3.2.conv3.weight_ch601_w41,51574.87890625
layer3.3.conv3.weight_ch1017,126,layer3.3.conv3.weight_ch1017_w126,49554.32421875
layer2.0.conv1.weight_ch92,184,layer2.0.conv1.weight_ch92_w184,48577.19921875
layer3.4.conv3.weight_ch84,136,layer3.4.conv3.weight_ch84_w136,43502.89453125
layer2.1.conv3.weight_ch172,34,layer2.1.conv3.weight_ch172_w34,33722.66796875
layer2.1.conv3.weight_ch466,37,layer2.1.conv3.weight_ch466_w37,27042.935546875
layer1.2.conv3.weight_ch135,51,layer1.2.conv3.weight_ch135_w51,22866.392578125
layer2.0.conv1.weight_ch92,48,layer2.0.conv1.weight_ch92_w48,10448.80859375
layer1.2.conv3.weight_ch135,26,layer1.2.conv3.weight_ch135_w26,2531.582275390625
layer3.5.conv3.weight_ch359,25,layer3.5.conv3.weight_ch359_w25,1015.7490844726562
layer3.3.conv3.weight_ch140,45,layer3.3.conv3.weight_ch140_w45,346.609619140625
layer4.0.conv3.weight_ch1084,215,layer4.0.conv3.weight_ch1084_w215,278.0494079589844
layer3.4.conv3.weight_ch59,169,layer3.4.conv3.weight_ch59_w169,242.30532836914062
layer3.5.conv3.weight_ch359,189,layer3.5.conv3.weight_ch359_w189,174.2677459716797
layer3.3.conv3.weight_ch1017,196,layer3.3.conv3.weight_ch1017_w196,146.0736541748047
layer3.4.conv3.weight_ch59,104,layer3.4.conv3.weight_ch59_w104,135.0459747314453
layer3.4.conv3.weight_ch59,183,layer3.4.conv3.weight_ch59_w183,134.2251739501953
layer3.0.conv3.weight_ch501,255,layer3.0.conv3.weight_ch501_w255,114.04838562011719
layer3.2.conv3.weight_ch366,198,layer3.2.conv3.weight_ch366_w198,107.34346771240234
layer1.2.conv3.weight_ch135,55,layer1.2.conv3.weight_ch135_w55,99.52344512939453
layer4.0.conv3.weight_ch1116,472,layer4.0.conv3.weight_ch1116_w472,90.86830139160156
layer3.4.conv3.weight_ch84,3,layer3.4.conv3.weight_ch84_w3,90.10041809082031
layer2.0.conv1.weight_ch92,63,layer2.0.conv1.weight_ch92_w63,87.90911102294922
layer4.0.conv3.weight_ch1055,406,layer4.0.conv3.weight_ch1055_w406,87.1263198852539
layer3.2.conv3.weight_ch601,82,layer3.2.conv3.weight_ch601_w82,86.7779312133789
layer4.0.conv3.weight_ch1116,359,layer4.0.conv3.weight_ch1116_w359,81.35707092285156
layer3.2.conv3.weight_ch601,223,layer3.2.conv3.weight_ch601_w223,80.7759017944336
layer4.0.conv3.weight_ch1055,370,layer4.0.conv3.weight_ch1055_w370,77.47723388671875
layer3.4.conv3.weight_ch59,0,layer3.4.conv3.weight_ch59_w0,76.59274291992188
layer3.2.conv3.weight_ch366,95,layer3.2.conv3.weight_ch366_w95,75.54249572753906
layer3.4.conv3.weight_ch59,192,layer3.4.conv3.weight_ch59_w192,71.00297546386719
layer3.3.conv3.weight_ch1017,54,layer3.3.conv3.weight_ch1017_w54,67.4807357788086
layer4.0.conv3.weight_ch1055,341,layer4.0.conv3.weight_ch1055_w341,66.44275665283203
layer3.3.conv3.weight_ch140,160,layer3.3.conv3.weight_ch140_w160,58.6205940246582
layer1.2.conv3.weight_ch135,58,layer1.2.conv3.weight_ch135_w58,52.111656188964844
layer3.2.conv3.weight_ch601,119,layer3.2.conv3.weight_ch601_w119,47.74940490722656
layer3.2.conv3.weight_ch601,150,layer3.2.conv3.weight_ch601_w150,47.02244186401367
layer3.4.conv3.weight_ch558,68,layer3.4.conv3.weight_ch558_w68,46.248199462890625
layer3.4.conv3.weight_ch59,49,layer3.4.conv3.weight_ch59_w49,43.902095794677734
layer4.0.conv3.weight_ch1116,304,layer4.0.conv3.weight_ch1116_w304,42.94461441040039
layer1.2.conv3.weight_ch135,24,layer1.2.conv3.weight_ch135_w24,42.19981384277344
layer2.0.conv1.weight_ch92,242,layer2.0.conv1.weight_ch92_w242,40.2337646484375
layer3.4.conv3.weight_ch84,178,layer3.4.conv3.weight_ch84_w178,38.54920196533203
layer4.0.conv3.weight_ch1116,104,layer4.0.conv3.weight_ch1116_w104,37.59572982788086
layer3.5.conv3.weight_ch359,246,layer3.5.conv3.weight_ch359_w246,37.04523468017578
layer3.3.conv3.weight_ch1017,176,layer3.3.conv3.weight_ch1017_w176,35.55490493774414
layer3.2.conv3.weight_ch601,74,layer3.2.conv3.weight_ch601_w74,34.88285827636719
layer2.0.conv1.weight_ch92,227,layer2.0.conv1.weight_ch92_w227,33.31694412231445
layer3.1.conv3.weight_ch376,195,layer3.1.conv3.weight_ch376_w195,32.97980880737305
layer4.0.conv3.weight_ch1116,140,layer4.0.conv3.weight_ch1116_w140,32.6786003112793
layer4.0.conv3.weight_ch1055,462,layer4.0.conv3.weight_ch1055_w462,32.5726203918457
layer4.0.conv3.weight_ch1084,291,layer4.0.conv3.weight_ch1084_w291,30.451753616333008
layer3.5.conv3.weight_ch666,25,layer3.5.conv3.weight_ch666_w25,29.744735717773438
layer3.4.conv3.weight_ch84,196,layer3.4.conv3.weight_ch84_w196,29.252878189086914
layer3.5.conv3.weight_ch359,108,layer3.5.conv3.weight_ch359_w108,27.843849182128906
layer2.0.conv1.weight_ch92,107,layer2.0.conv1.weight_ch92_w107,26.94947624206543
layer3.1.conv3.weight_ch877,224,layer3.1.conv3.weight_ch877_w224,26.032039642333984
layer3.4.conv3.weight_ch84,182,layer3.4.conv3.weight_ch84_w182,25.959714889526367
layer3.3.conv3.weight_ch1017,238,layer3.3.conv3.weight_ch1017_w238,25.529541015625
layer4.0.conv3.weight_ch1084,381,layer4.0.conv3.weight_ch1084_w381,24.50625228881836
layer3.5.conv3.weight_ch666,68,layer3.5.conv3.weight_ch666_w68,24.3980770111084
layer3.2.conv3.weight_ch366,167,layer3.2.conv3.weight_ch366_w167,24.255252838134766
layer2.1.conv3.weight_ch172,55,layer2.1.conv3.weight_ch172_w55,23.933313369750977
layer3.3.conv3.weight_ch140,145,layer3.3.conv3.weight_ch140_w145,23.90521240234375
layer3.4.conv3.weight_ch84,188,layer3.4.conv3.weight_ch84_w188,23.7893123626709
layer3.4.conv3.weight_ch84,88,layer3.4.conv3.weight_ch84_w88,23.256723403930664
layer4.0.conv3.weight_ch1055,243,layer4.0.conv3.weight_ch1055_w243,22.816560745239258
layer4.0.conv3.weight_ch1116,131,layer4.0.conv3.weight_ch1116_w131,22.57504653930664
layer2.0.conv1.weight_ch92,6,layer2.0.conv1.weight_ch92_w6,22.53779411315918
layer3.0.conv3.weight_ch226,62,layer3.0.conv3.weight_ch226_w62,22.21881675720215
layer3.1.conv3.weight_ch877,190,layer3.1.conv3.weight_ch877_w190,22.0564022064209
layer4.0.conv3.weight_ch1084,397,layer4.0.conv3.weight_ch1084_w397,21.36558723449707
layer3.5.conv3.weight_ch359,105,layer3.5.conv3.weight_ch359_w105,20.660663604736328
layer4.0.conv3.weight_ch1084,87,layer4.0.conv3.weight_ch1084_w87,20.324617385864258
layer3.0.conv3.weight_ch226,168,layer3.0.conv3.weight_ch226_w168,20.018081665039062
layer3.4.conv3.weight_ch59,164,layer3.4.conv3.weight_ch59_w164,19.591129302978516
layer2.0.conv1.weight_ch92,16,layer2.0.conv1.weight_ch92_w16,19.112754821777344
layer3.5.conv3.weight_ch359,127,layer3.5.conv3.weight_ch359_w127,18.769105911254883
layer3.2.conv3.weight_ch366,57,layer3.2.conv3.weight_ch366_w57,18.60252571105957
layer3.2.conv3.weight_ch601,171,layer3.2.conv3.weight_ch601_w171,18.31474494934082
layer3.3.conv3.weight_ch140,115,layer3.3.conv3.weight_ch140_w115,18.128862380981445
layer3.0.conv3.weight_ch226,67,layer3.0.conv3.weight_ch226_w67,17.609115600585938
layer3.5.conv3.weight_ch359,111,layer3.5.conv3.weight_ch359_w111,17.608366012573242
layer3.3.conv3.weight_ch1017,17,layer3.3.conv3.weight_ch1017_w17,17.41982650756836
layer1.2.conv3.weight_ch135,45,layer1.2.conv3.weight_ch135_w45,17.409992218017578
layer4.0.conv3.weight_ch1055,443,layer4.0.conv3.weight_ch1055_w443,17.381933212280273
layer3.4.conv3.weight_ch84,30,layer3.4.conv3.weight_ch84_w30,17.30433464050293
layer4.0.conv3.weight_ch1116,97,layer4.0.conv3.weight_ch1116_w97,17.251182556152344
layer3.4.conv3.weight_ch558,251,layer3.4.conv3.weight_ch558_w251,17.152801513671875
layer4.0.conv3.weight_ch1084,145,layer4.0.conv3.weight_ch1084_w145,17.15277862548828
layer3.4.conv3.weight_ch84,153,layer3.4.conv3.weight_ch84_w153,17.09256362915039
layer2.0.conv1.weight_ch92,129,layer2.0.conv1.weight_ch92_w129,16.62529182434082
layer3.2.conv3.weight_ch366,221,layer3.2.conv3.weight_ch366_w221,16.487972259521484
layer3.4.conv3.weight_ch84,135,layer3.4.conv3.weight_ch84_w135,16.14818000793457
layer3.3.conv3.weight_ch1017,128,layer3.3.conv3.weight_ch1017_w128,15.975728034973145
layer2.0.conv1.weight_ch92,115,layer2.0.conv1.weight_ch92_w115,15.501033782958984
layer3.1.conv3.weight_ch376,129,layer3.1.conv3.weight_ch376_w129,15.339420318603516
layer3.5.conv3.weight_ch359,170,layer3.5.conv3.weight_ch359_w170,15.110822677612305
layer3.1.conv3.weight_ch376,117,layer3.1.conv3.weight_ch376_w117,14.546083450317383
layer4.0.conv3.weight_ch1084,101,layer4.0.conv3.weight_ch1084_w101,14.445396423339844
layer3.4.conv3.weight_ch558,139,layer3.4.conv3.weight_ch558_w139,14.328184127807617
layer4.0.conv3.weight_ch1116,141,layer4.0.conv3.weight_ch1116_w141,14.205389022827148
layer3.5.conv3.weight_ch359,49,layer3.5.conv3.weight_ch359_w49,14.162425994873047
layer3.2.conv3.weight_ch601,224,layer3.2.conv3.weight_ch601_w224,13.951356887817383
layer4.0.conv3.weight_ch1084,503,layer4.0.conv3.weight_ch1084_w503,13.943489074707031
layer4.0.conv3.weight_ch1055,415,layer4.0.conv3.weight_ch1055_w415,13.835790634155273
layer3.3.conv3.weight_ch140,142,layer3.3.conv3.weight_ch140_w142,13.453410148620605
layer4.0.conv3.weight_ch1055,195,layer4.0.conv3.weight_ch1055_w195,13.352291107177734
layer3.2.conv3.weight_ch601,229,layer3.2.conv3.weight_ch601_w229,13.344069480895996
layer4.0.conv3.weight_ch1055,362,layer4.0.conv3.weight_ch1055_w362,13.205094337463379
layer3.5.conv3.weight_ch666,36,layer3.5.conv3.weight_ch666_w36,13.202349662780762
layer3.2.conv3.weight_ch366,63,layer3.2.conv3.weight_ch366_w63,12.94861888885498
layer3.3.conv3.weight_ch1017,227,layer3.3.conv3.weight_ch1017_w227,12.927103042602539
layer3.5.conv3.weight_ch666,187,layer3.5.conv3.weight_ch666_w187,12.843564987182617
layer3.5.conv3.weight_ch666,171,layer3.5.conv3.weight_ch666_w171,12.778497695922852
layer3.3.conv3.weight_ch140,92,layer3.3.conv3.weight_ch140_w92,12.77562141418457
layer3.1.conv3.weight_ch376,171,layer3.1.conv3.weight_ch376_w171,12.525321006774902
layer3.0.conv3.weight_ch501,47,layer3.0.conv3.weight_ch501_w47,12.492328643798828
layer3.4.conv3.weight_ch558,190,layer3.4.conv3.weight_ch558_w190,12.476853370666504
layer3.2.conv3.weight_ch366,153,layer3.2.conv3.weight_ch366_w153,12.382722854614258
layer3.4.conv3.weight_ch59,207,layer3.4.conv3.weight_ch59_w207,12.013052940368652
layer4.0.conv3.weight_ch1116,460,layer4.0.conv3.weight_ch1116_w460,11.967418670654297
layer3.3.conv3.weight_ch1017,155,layer3.3.conv3.weight_ch1017_w155,11.863630294799805
layer3.4.conv3.weight_ch558,17,layer3.4.conv3.weight_ch558_w17,11.821224212646484
layer3.2.conv3.weight_ch601,155,layer3.2.conv3.weight_ch601_w155,11.722326278686523
layer2.1.conv3.weight_ch466,50,layer2.1.conv3.weight_ch466_w50,11.512765884399414
layer4.0.conv3.weight_ch1084,37,layer4.0.conv3.weight_ch1084_w37,11.44140338897705
layer3.0.conv3.weight_ch501,117,layer3.0.conv3.weight_ch501_w117,11.419885635375977
layer3.0.conv3.weight_ch501,6,layer3.0.conv3.weight_ch501_w6,11.357949256896973
layer3.4.conv3.weight_ch59,65,layer3.4.conv3.weight_ch59_w65,10.908565521240234
layer3.0.conv3.weight_ch226,85,layer3.0.conv3.weight_ch226_w85,10.740650177001953
layer3.3.conv3.weight_ch1017,104,layer3.3.conv3.weight_ch1017_w104,10.380794525146484
layer3.0.conv3.weight_ch226,175,layer3.0.conv3.weight_ch226_w175,10.242976188659668
layer3.5.conv3.weight_ch666,96,layer3.5.conv3.weight_ch666_w96,10.192529678344727
layer3.0.conv3.weight_ch501,46,layer3.0.conv3.weight_ch501_w46,10.139912605285645
layer2.1.conv3.weight_ch466,38,layer2.1.conv3.weight_ch466_w38,9.999947547912598
layer2.1.conv3.weight_ch172,116,layer2.1.conv3.weight_ch172_w116,9.992606163024902
layer3.5.conv3.weight_ch666,199,layer3.5.conv3.weight_ch666_w199,9.907390594482422
layer3.0.conv3.weight_ch501,229,layer3.0.conv3.weight_ch501_w229,9.885299682617188
layer3.1.conv3.weight_ch877,219,layer3.1.conv3.weight_ch877_w219,9.663637161254883
layer1.2.conv3.weight_ch135,14,layer1.2.conv3.weight_ch135_w14,8.939498901367188
layer3.5.conv3.weight_ch666,112,layer3.5.conv3.weight_ch666_w112,8.774267196655273
layer3.5.conv3.weight_ch666,99,layer3.5.conv3.weight_ch666_w99,8.597779273986816
layer3.2.conv3.weight_ch366,227,layer3.2.conv3.weight_ch366_w227,8.44876480102539
layer3.1.conv3.weight_ch376,237,layer3.1.conv3.weight_ch376_w237,8.19545841217041
layer3.0.conv3.weight_ch226,129,layer3.0.conv3.weight_ch226_w129,8.135763168334961
layer3.3.conv3.weight_ch140,55,layer3.3.conv3.weight_ch140_w55,8.076630592346191
layer2.1.conv3.weight_ch466,51,layer2.1.conv3.weight_ch466_w51,8.027507781982422
layer3.0.conv3.weight_ch226,239,layer3.0.conv3.weight_ch226_w239,7.8925676345825195
layer3.0.conv3.weight_ch226,190,layer3.0.conv3.weight_ch226_w190,7.885878562927246
layer3.1.conv3.weight_ch376,174,layer3.1.conv3.weight_ch376_w174,7.791228771209717
layer2.1.conv3.weight_ch172,64,layer2.1.conv3.weight_ch172_w64,7.688350677490234
layer3.0.conv3.weight_ch501,254,layer3.0.conv3.weight_ch501_w254,7.6732683181762695
layer3.4.conv3.weight_ch558,10,layer3.4.conv3.weight_ch558_w10,7.499642848968506
layer3.0.conv3.weight_ch501,152,layer3.0.conv3.weight_ch501_w152,7.449041843414307
layer3.0.conv3.weight_ch226,60,layer3.0.conv3.weight_ch226_w60,7.424675941467285
layer3.1.conv3.weight_ch376,138,layer3.1.conv3.weight_ch376_w138,7.37724494934082
layer3.0.conv3.weight_ch501,88,layer3.0.conv3.weight_ch501_w88,7.08388090133667
layer3.4.conv3.weight_ch558,98,layer3.4.conv3.weight_ch558_w98,6.878541946411133
layer2.1.conv3.weight_ch466,8,layer2.1.conv3.weight_ch466_w8,6.805774211883545
layer2.1.conv3.weight_ch466,84,layer2.1.conv3.weight_ch466_w84,6.7443437576293945
layer3.3.conv3.weight_ch140,56,layer3.3.conv3.weight_ch140_w56,6.608645915985107
layer3.3.conv3.weight_ch140,171,layer3.3.conv3.weight_ch140_w171,6.451584339141846
layer3.2.conv3.weight_ch366,207,layer3.2.conv3.weight_ch366_w207,6.360667705535889
layer2.1.conv3.weight_ch466,102,layer2.1.conv3.weight_ch466_w102,6.358457088470459
layer2.1.conv3.weight_ch172,92,layer2.1.conv3.weight_ch172_w92,5.9952168464660645
layer2.1.conv3.weight_ch466,111,layer2.1.conv3.weight_ch466_w111,5.581099987030029
layer2.1.conv3.weight_ch466,32,layer2.1.conv3.weight_ch466_w32,5.571951866149902
layer3.1.conv3.weight_ch877,74,layer3.1.conv3.weight_ch877_w74,5.468510150909424
layer3.1.conv3.weight_ch376,34,layer3.1.conv3.weight_ch376_w34,5.344797134399414
layer3.1.conv3.weight_ch376,218,layer3.1.conv3.weight_ch376_w218,5.280357360839844
layer3.4.conv3.weight_ch558,125,layer3.4.conv3.weight_ch558_w125,5.201305866241455
layer3.4.conv3.weight_ch558,189,layer3.4.conv3.weight_ch558_w189,5.180445671081543
layer3.1.conv3.weight_ch877,208,layer3.1.conv3.weight_ch877_w208,5.13300085067749
layer2.1.conv3.weight_ch466,116,layer2.1.conv3.weight_ch466_w116,4.714113235473633
layer2.1.conv3.weight_ch172,70,layer2.1.conv3.weight_ch172_w70,4.467474937438965
layer3.1.conv3.weight_ch877,103,layer3.1.conv3.weight_ch877_w103,4.375198841094971
layer2.1.conv3.weight_ch172,125,layer2.1.conv3.weight_ch172_w125,4.248235702514648
layer1.2.conv3.weight_ch135,4,layer1.2.conv3.weight_ch135_w4,4.216098785400391
layer1.2.conv3.weight_ch135,41,layer1.2.conv3.weight_ch135_w41,4.212551116943359
layer3.1.conv3.weight_ch877,242,layer3.1.conv3.weight_ch877_w242,4.116992473602295
layer2.1.conv3.weight_ch172,67,layer2.1.conv3.weight_ch172_w67,3.9794111251831055
layer2.1.conv3.weight_ch172,50,layer2.1.conv3.weight_ch172_w50,3.9762139320373535
layer1.2.conv3.weight_ch135,16,layer1.2.conv3.weight_ch135_w16,3.8162009716033936
layer3.1.conv3.weight_ch877,51,layer3.1.conv3.weight_ch877_w51,3.7934772968292236
layer3.1.conv3.weight_ch877,193,layer3.1.conv3.weight_ch877_w193,3.6434216499328613
layer2.1.conv3.weight_ch172,88,layer2.1.conv3.weight_ch172_w88,2.8902597427368164
