layer_name,channel_index,weight_index,weight_id,baseline_value,unlearned_value,absolute_change,relative_change,rank_in_channel,channel_total_change
layer4.0.conv2.weight,65,1780,layer4.0.conv2.weight_ch65_w1780,1.733680932147763e-08,0.03019113466143608,0.030191117897629738,1741446.0,1,380.8552551269531
layer3.2.conv3.weight,182,18,layer3.2.conv3.weight_ch182_w18,1.5745410308909413e-08,-0.019778631627559662,0.019778646528720856,1256153.125,1,4908.48828125
layer4.1.conv3.weight,106,344,layer4.1.conv3.weight_ch106_w344,-3.5399494890953065e-08,-0.029593944549560547,0.02959390915930271,835998.0625,1,1635.251220703125
layer4.0.conv2.weight,259,2326,layer4.0.conv2.weight_ch259_w2326,2.7265775415230564e-08,0.02023705095052719,0.020237023010849953,742213.375,1,163.79714965820312
layer3.2.conv2.weight,97,1560,layer3.2.conv2.weight_ch97_w1560,2.375814744937088e-08,-0.01693195477128029,0.01693197898566723,712680.9375,1,312.0313415527344
layer4.0.conv3.weight,549,420,layer4.0.conv3.weight_ch549_w420,-2.3384229663747647e-08,-0.014433257281780243,0.014433233998715878,617220.875,1,1207.259521484375
layer4.1.conv2.weight,325,993,layer4.1.conv2.weight_ch325_w993,1.0021100393942106e-08,0.005921779200434685,0.005921768955886364,590930.0,1,130.34432983398438
layer4.0.conv3.weight,1787,24,layer4.0.conv3.weight_ch1787_w24,5.014540604975082e-08,0.020392384380102158,0.02039233408868313,406664.0625,1,796.3289794921875
layer3.0.conv2.weight,237,1561,layer3.0.conv2.weight_ch237_w1561,-1.447663144915623e-08,-0.005650009028613567,0.005649994593113661,390283.78125,1,176.07369995117188
layer4.1.conv3.weight,430,183,layer4.1.conv3.weight_ch430_w183,4.9914419264496246e-08,-0.015371672809123993,0.015371723100543022,307961.5625,1,603.2018432617188
layer4.0.conv3.weight,1743,408,layer4.0.conv3.weight_ch1743_w408,-2.0235717101968476e-08,0.0047121839597821236,0.004712203983217478,232865.671875,1,456.9725036621094
layer4.0.conv3.weight,1600,233,layer4.0.conv3.weight_ch1600_w233,5.090632626547631e-08,-0.009446842595934868,0.009446893818676472,185574.0625,1,364.5103759765625
layer4.1.conv3.weight,399,338,layer4.1.conv3.weight_ch399_w338,5.8622351417625396e-08,0.009958849288523197,0.009958790615200996,169880.4375,1,333.89794921875
layer3.2.conv3.weight,351,78,layer3.2.conv3.weight_ch351_w78,-2.3321935316289455e-07,-0.03153117373585701,0.03153093904256821,135198.640625,1,529.8499145507812
layer4.0.conv3.weight,852,17,layer4.0.conv3.weight_ch852_w17,7.442663019219253e-08,0.009527855552732944,0.009527781046926975,128015.75,1,252.03453063964844
layer4.0.conv3.weight,452,285,layer4.0.conv3.weight_ch452_w285,2.845913229521102e-07,-0.01959320157766342,0.019593486562371254,68847.796875,1,136.60093688964844
layer4.1.conv3.weight,460,367,layer4.1.conv3.weight_ch460_w367,-2.869470279165398e-07,-0.01916000247001648,0.019159715622663498,66770.9140625,1,132.58436584472656
layer4.1.conv3.weight,237,11,layer4.1.conv3.weight_ch237_w11,-3.880791723531729e-07,-0.024638012051582336,0.024637624621391296,63486.078125,1,126.10588073730469
conv1.weight,37,18,conv1.weight_ch37_w18,4.3827212721225806e-06,0.10478834062814713,0.10478395968675613,23908.423828125,1,198.14027404785156
conv1.weight,33,81,conv1.weight_ch33_w81,1.1395727597118821e-05,0.17719751596450806,0.17718611657619476,15548.46875,1,127.3294677734375
layer3.0.conv2.weight,237,1727,layer3.0.conv2.weight_ch237_w1727,1.9844205780827906e-06,-0.017985692247748375,0.017987675964832306,9064.447265625,2,176.07369995117188
conv1.weight,37,71,conv1.weight_ch37_w71,-2.877485894714482e-05,0.11878596246242523,0.11881473660469055,4129.1162109375,2,198.14027404785156
layer4.0.conv2.weight,65,1630,layer4.0.conv2.weight_ch65_w1630,5.354345375963021e-06,-0.009549380280077457,0.009554734453558922,1784.4822998046875,2,380.8552551269531
layer4.0.conv2.weight,65,561,layer4.0.conv2.weight_ch65_w561,-1.3481829228112474e-05,0.019556375220417976,0.01956985704600811,1451.5728759765625,3,380.8552551269531
layer3.0.conv2.weight,237,491,layer3.0.conv2.weight_ch237_w491,1.6000902178348042e-05,0.01316092349588871,0.013144922442734241,821.5113525390625,3,176.07369995117188
layer3.2.conv2.weight,97,2119,layer3.2.conv2.weight_ch97_w2119,2.203571784775704e-05,-0.017897870391607285,0.017919905483722687,813.2208862304688,2,312.0313415527344
conv1.weight,33,137,conv1.weight_ch33_w137,0.00026185138267464936,-0.19260819256305695,0.19287005066871643,736.5630493164062,2,127.3294677734375
layer4.0.conv2.weight,259,4017,layer4.0.conv2.weight_ch259_w4017,3.396824831725098e-05,0.023737195879220963,0.023703226819634438,697.805419921875,2,163.79714965820312
layer3.2.conv2.weight,97,979,layer3.2.conv2.weight_ch97_w979,-7.461742370651336e-06,0.005123252514749765,0.005130714271217585,687.6027221679688,3,312.0313415527344
layer4.0.conv2.weight,259,4399,layer4.0.conv2.weight_ch259_w4399,1.7939319150173105e-05,0.012183822691440582,0.012165883556008339,678.1686401367188,3,163.79714965820312
conv1.weight,33,25,conv1.weight_ch33_w25,-0.0001891393621917814,0.09091904759407043,0.09110818803310394,481.69873046875,3,127.3294677734375
layer4.0.conv2.weight,259,1325,layer4.0.conv2.weight_ch259_w1325,1.666860953264404e-05,0.00774339260533452,0.0077267237938940525,463.54937744140625,4,163.79714965820312
layer4.1.conv2.weight,325,155,layer4.1.conv2.weight_ch325_w155,5.261673504719511e-05,0.017258720472455025,0.01720610447227955,327.0082092285156,2,130.34432983398438
conv1.weight,33,128,conv1.weight_ch33_w128,0.000528372242115438,0.16848501563072205,0.1679566502571106,317.8756103515625,4,127.3294677734375
layer4.0.conv2.weight,65,4068,layer4.0.conv2.weight_ch65_w4068,-2.4899221898522228e-05,-0.007422303315252066,0.0073974039405584335,297.0937805175781,4,380.8552551269531
layer4.1.conv3.weight,399,326,layer4.1.conv3.weight_ch399_w326,4.25890066253487e-05,0.012457233853638172,0.012414644472301006,291.4988098144531,2,333.89794921875
layer4.0.conv2.weight,259,3311,layer4.0.conv2.weight_ch259_w3311,6.948222289793193e-05,0.017567012459039688,0.017497530207037926,251.8274383544922,5,163.79714965820312
layer4.0.conv2.weight,65,1520,layer4.0.conv2.weight_ch65_w1520,-2.6363093638792634e-05,-0.00648841168731451,0.00646204873919487,245.1172332763672,5,380.8552551269531
layer4.1.conv3.weight,106,319,layer4.1.conv3.weight_ch106_w319,5.652991239912808e-05,-0.013079896569252014,0.013136426918208599,232.38009643554688,2,1635.251220703125
conv1.weight,37,123,conv1.weight_ch37_w123,0.0002184302284149453,0.04905174300074577,0.04883331432938576,223.5648193359375,3,198.14027404785156
layer4.0.conv3.weight,852,495,layer4.0.conv3.weight_ch852_w495,5.9290781791787595e-05,-0.01278294064104557,0.012842231430113316,216.59744262695312,2,252.03453063964844
layer4.0.conv2.weight,65,1070,layer4.0.conv2.weight_ch65_w1070,-1.4240034943213686e-05,-0.0029934474732726812,0.0029792075511068106,209.2135009765625,6,380.8552551269531
layer4.1.conv2.weight,325,4434,layer4.1.conv2.weight_ch325_w4434,8.696182339917868e-05,-0.016705898568034172,0.016792859882116318,193.10610961914062,3,130.34432983398438
layer4.0.conv2.weight,65,30,layer4.0.conv2.weight_ch65_w30,4.340848681749776e-05,-0.00825840886682272,0.008301817812025547,191.2487335205078,7,380.8552551269531
layer4.0.conv3.weight,1787,478,layer4.0.conv3.weight_ch1787_w478,0.00012355046055745333,0.0209355391561985,0.020811988040804863,168.4492950439453,2,796.3289794921875
layer3.0.conv2.weight,237,1438,layer3.0.conv2.weight_ch237_w1438,-5.170398799236864e-05,-0.008261646144092083,0.008209941908717155,158.7873992919922,4,176.07369995117188
layer4.0.conv2.weight,65,3072,layer4.0.conv2.weight_ch65_w3072,-3.298207593616098e-05,0.005011335480958223,0.005044317338615656,152.94117736816406,8,380.8552551269531
layer4.0.conv3.weight,452,416,layer4.0.conv3.weight_ch452_w416,0.00015171660925261676,-0.022969724610447884,0.023121440783143044,152.3988800048828,2,136.60093688964844
layer4.0.conv2.weight,259,1001,layer4.0.conv2.weight_ch259_w1001,-0.00012853759108111262,-0.01961154118180275,0.01948300376534462,151.57437133789062,6,163.79714965820312
layer4.0.conv2.weight,259,1958,layer4.0.conv2.weight_ch259_w1958,-2.8768921765731648e-05,-0.0042542205192148685,0.004225451499223709,146.8755645751953,7,163.79714965820312
layer4.0.conv2.weight,259,3852,layer4.0.conv2.weight_ch259_w3852,4.194180655758828e-05,0.006177031435072422,0.006135089788585901,146.2762451171875,8,163.79714965820312
conv1.weight,33,15,conv1.weight_ch33_w15,0.0003879664291162044,-0.055679213255643845,0.05606717988848686,144.5155487060547,5,127.3294677734375
layer4.0.conv2.weight,65,4144,layer4.0.conv2.weight_ch65_w4144,0.00014026275312062353,0.02011694945394993,0.01997668668627739,142.42332458496094,9,380.8552551269531
layer3.0.conv2.weight,237,70,layer3.0.conv2.weight_ch237_w70,-0.00018428018665872514,0.025649650022387505,0.02583393082022667,140.18832397460938,5,176.07369995117188
conv1.weight,37,70,conv1.weight_ch37_w70,-0.00039358955109491944,0.050021372735500336,0.05041496083140373,128.09019470214844,4,198.14027404785156
layer3.0.conv2.weight,237,858,layer3.0.conv2.weight_ch237_w858,0.00011548040492925793,-0.01414498407393694,0.01426046434789896,123.48817443847656,6,176.07369995117188
layer4.0.conv2.weight,65,4373,layer4.0.conv2.weight_ch65_w4373,8.111927309073508e-05,0.009717886336147785,0.009636767208576202,118.7975082397461,10,380.8552551269531
layer4.1.conv2.weight,325,85,layer4.1.conv2.weight_ch325_w85,4.974143666913733e-05,-0.005678870249539614,0.005728611722588539,115.16780090332031,4,130.34432983398438
layer4.0.conv2.weight,259,178,layer4.0.conv2.weight_ch259_w178,6.125438085291535e-05,0.007094498258084059,0.007033243775367737,114.82025909423828,9,163.79714965820312
conv1.weight,33,141,conv1.weight_ch33_w141,-0.000710108841303736,0.08028975874185562,0.08099986612796783,114.06683349609375,6,127.3294677734375
layer3.0.conv2.weight,237,1313,layer3.0.conv2.weight_ch237_w1313,0.0002614199183881283,0.029801087453961372,0.029539667069911957,112.99700164794922,7,176.07369995117188
layer4.0.conv2.weight,259,2185,layer4.0.conv2.weight_ch259_w2185,0.00014388772251550108,-0.016031302511692047,0.01617518998682499,112.41535949707031,10,163.79714965820312
conv1.weight,33,35,conv1.weight_ch33_w35,0.0005460939719341695,0.06143023073673248,0.06088413670659065,111.49021911621094,7,127.3294677734375
layer4.1.conv3.weight,430,409,layer4.1.conv3.weight_ch430_w409,6.668356218142435e-05,0.007464926689863205,0.007398243062198162,110.94552612304688,2,603.2018432617188
layer4.1.conv2.weight,325,973,layer4.1.conv2.weight_ch325_w973,-0.0001335537963313982,-0.01483794767409563,0.014704394154250622,110.10090637207031,5,130.34432983398438
layer4.1.conv2.weight,325,3052,layer4.1.conv2.weight_ch325_w3052,-8.467765292152762e-05,0.009060490876436234,0.009145168587565422,107.99978637695312,6,130.34432983398438
layer4.1.conv2.weight,325,2052,layer4.1.conv2.weight_ch325_w2052,4.037695180159062e-05,0.00430965144187212,0.004269274417310953,105.73542785644531,7,130.34432983398438
layer4.1.conv3.weight,460,365,layer4.1.conv3.weight_ch460_w365,0.00014826960978098214,-0.015485679730772972,0.015633950009942055,105.44271087646484,2,132.58436584472656
layer3.2.conv2.weight,97,1015,layer3.2.conv2.weight_ch97_w1015,0.0002011515898630023,-0.020745012909173965,0.020946163684129715,104.13123321533203,4,312.0313415527344
layer3.2.conv2.weight,97,1404,layer3.2.conv2.weight_ch97_w1404,0.0001072146842489019,0.01011674478650093,0.010009530000388622,93.35969543457031,5,312.0313415527344
layer3.0.conv2.weight,237,1308,layer3.0.conv2.weight_ch237_w1308,-0.00026037689531221986,0.023025667294859886,0.023286044597625732,89.43206787109375,8,176.07369995117188
layer3.2.conv2.weight,97,15,layer3.2.conv2.weight_ch97_w15,-0.0003965036303270608,0.03466610237956047,0.03506260737776756,88.42947387695312,6,312.0313415527344
layer4.1.conv2.weight,325,940,layer4.1.conv2.weight_ch325_w940,-7.277540862560272e-05,0.006286905147135258,0.0063596805557608604,87.38777160644531,8,130.34432983398438
layer3.2.conv2.weight,97,274,layer3.2.conv2.weight_ch97_w274,-0.00020167656475678086,-0.01737435720860958,0.01717268116772175,85.14961242675781,7,312.0313415527344
layer4.1.conv2.weight,325,4556,layer4.1.conv2.weight_ch325_w4556,9.211340511683375e-05,0.007883460260927677,0.007791346870362759,84.58428955078125,9,130.34432983398438
layer4.0.conv3.weight,1743,267,layer4.0.conv3.weight_ch1743_w267,6.14941818639636e-05,-0.004960714373737574,0.005022208672016859,81.6696548461914,2,456.9725036621094
layer4.1.conv2.weight,325,915,layer4.1.conv2.weight_ch325_w915,-4.8681729822419584e-05,0.003856586292386055,0.003905267920345068,80.22039794921875,10,130.34432983398438
layer4.1.conv3.weight,237,210,layer4.1.conv3.weight_ch237_w210,-0.00019233245984651148,0.013494492508471012,0.013686824589967728,71.16232299804688,2,126.10588073730469
layer3.2.conv2.weight,97,1508,layer3.2.conv2.weight_ch97_w1508,-0.0001949422585312277,-0.013939449563622475,0.013744506984949112,70.50553131103516,8,312.0313415527344
conv1.weight,33,114,conv1.weight_ch33_w114,0.001636624219827354,0.11466548591852188,0.1130288615822792,69.06219482421875,8,127.3294677734375
layer3.0.conv2.weight,237,1897,layer3.0.conv2.weight_ch237_w1897,0.0006782709388062358,-0.04614103212952614,0.046819303184747696,69.02743530273438,9,176.07369995117188
layer3.0.conv2.weight,237,876,layer3.0.conv2.weight_ch237_w876,0.00047275269753299654,-0.03164319694042206,0.03211595118045807,67.9339370727539,10,176.07369995117188
layer3.2.conv2.weight,97,90,layer3.2.conv2.weight_ch97_w90,0.00019249068282078952,0.013151619583368301,0.012959129177033901,67.32341003417969,9,312.0313415527344
conv1.weight,33,43,conv1.weight_ch33_w43,-0.0010293929371982813,0.06774342805147171,0.0687728226184845,66.8091049194336,9,127.3294677734375
layer4.0.conv3.weight,1787,292,layer4.0.conv3.weight_ch1787_w292,-0.00016573320317547768,0.009967989288270473,0.010133722797036171,61.14479446411133,3,796.3289794921875
layer4.1.conv3.weight,430,147,layer4.1.conv3.weight_ch430_w147,-0.00013281944848131388,0.007911336608231068,0.00804415624588728,60.56459426879883,3,603.2018432617188
layer4.1.conv3.weight,106,143,layer4.1.conv3.weight_ch106_w143,-0.00026588060427457094,0.01470857858657837,0.014974459074437618,56.32024002075195,3,1635.251220703125
layer4.0.conv3.weight,1743,230,layer4.0.conv3.weight_ch1743_w230,0.0006687534041702747,0.03711985796689987,0.036451105028390884,54.506046295166016,3,456.9725036621094
conv1.weight,33,72,conv1.weight_ch33_w72,-0.005787229165434837,-0.3093439042568207,0.3035566806793213,52.45285415649414,10,127.3294677734375
layer4.0.conv3.weight,549,405,layer4.0.conv3.weight_ch549_w405,-0.00035612814826890826,-0.01897190511226654,0.018615776672959328,52.27268981933594,2,1207.259521484375
conv1.weight,37,66,conv1.weight_ch37_w66,-0.0027107298374176025,0.13838963210582733,0.14110036194324493,52.05253601074219,5,198.14027404785156
layer3.2.conv2.weight,97,2055,layer3.2.conv2.weight_ch97_w2055,0.0001235646050190553,0.006327166222035885,0.006203601602464914,50.20532989501953,10,312.0313415527344
layer4.0.conv3.weight,452,322,layer4.0.conv3.weight_ch452_w322,0.00032673278474248946,0.016237663105130196,0.015910930931568146,48.69707489013672,3,136.60093688964844
layer4.0.conv3.weight,452,12,layer4.0.conv3.weight_ch452_w12,0.00030388333834707737,-0.014469576999545097,0.014773460105061531,48.61556625366211,4,136.60093688964844
layer4.0.conv3.weight,1743,261,layer4.0.conv3.weight_ch1743_w261,0.00015827130118850619,0.007761894725263119,0.007603623438626528,48.04170608520508,4,456.9725036621094
layer4.1.conv3.weight,460,350,layer4.1.conv3.weight_ch460_w350,-0.0003727363655343652,-0.01823887787759304,0.017866142094135284,47.9323844909668,3,132.58436584472656
layer4.1.conv3.weight,460,16,layer4.1.conv3.weight_ch460_w16,-0.00016188605513889343,-0.007866742089390755,0.007704855874180794,47.59431457519531,4,132.58436584472656
layer4.1.conv3.weight,399,202,layer4.1.conv3.weight_ch399_w202,-8.901685941964388e-05,0.003907108213752508,0.00399612495675683,44.89177703857422,3,333.89794921875
layer4.1.conv3.weight,460,332,layer4.1.conv3.weight_ch460_w332,-0.0005024110432714224,0.021283075213432312,0.021785486489534378,43.36187744140625,5,132.58436584472656
layer4.0.conv3.weight,1600,119,layer4.0.conv3.weight_ch1600_w119,-0.00021369366731960326,-0.009422270581126213,0.009208576753735542,43.0924186706543,2,364.5103759765625
