layer_name,channel_index,channel_id,mean_absolute_change,max_absolute_change,mean_relative_change,max_relative_change,std_absolute_change,percentage_changed,channel_parameters,layer_total_relative_change
layer2.2.conv3.weight,199,layer2.2.conv3.weight_ch199,0.055929750204086304,0.17680010199546814,1791.266845703125,229070.0625,0.038926851004362106,100.0,128,6.416417121887207
layer2.0.conv3.weight,107,layer2.0.conv3.weight_ch107,0.044882986694574356,0.16279305517673492,1710.7088623046875,218566.59375,0.03636261448264122,100.0,128,5.565335273742676
layer3.5.conv3.weight,301,layer3.5.conv3.weight_ch301,0.041512876749038696,0.1519971340894699,1586.1949462890625,405679.3125,0.029795004054903984,100.0,256,4.302753448486328
layer2.3.conv3.weight,368,layer2.3.conv3.weight_ch368,0.05486364662647247,0.1793757677078247,1251.9910888671875,160084.8125,0.039016272872686386,100.0,128,5.413695335388184
layer2.3.conv2.weight,95,layer2.3.conv2.weight_ch95,0.0349535271525383,0.1637212038040161,362.0520935058594,415221.09375,0.0267300046980381,100.0,1152,6.499204635620117
layer2.3.conv3.weight,165,layer2.3.conv3.weight_ch165,0.05034595727920532,0.20739738643169403,260.46875,33206.3125,0.038410428911447525,100.0,128,5.413695335388184
layer3.0.conv2.weight,133,layer3.0.conv2.weight_ch133,0.025807948783040047,0.11478959769010544,246.0330352783203,557197.75,0.019428029656410217,100.0,2304,6.3652544021606445
layer3.4.conv2.weight,115,layer3.4.conv2.weight_ch115,0.024468444287776947,0.1174667701125145,223.83628845214844,511731.46875,0.018246032297611237,100.0,2304,5.51312780380249
layer4.1.conv2.weight,254,layer4.1.conv2.weight_ch254,0.017697539180517197,0.0921235978603363,215.2359619140625,976757.25,0.013374988920986652,100.0,4608,5.064359664916992
layer3.0.conv2.weight,48,layer3.0.conv2.weight_ch48,0.02652798965573311,0.11363508552312851,203.04742431640625,460040.9375,0.019866596907377243,100.0,2304,6.3652544021606445
layer3.0.conv2.weight,206,layer3.0.conv2.weight_ch206,0.02571929432451725,0.11871913820505142,165.4082489013672,375831.96875,0.019650988280773163,100.0,2304,6.3652544021606445
layer2.2.conv3.weight,94,layer2.2.conv3.weight_ch94,0.05681733042001724,0.191519632935524,158.03907775878906,19478.291015625,0.041971415281295776,100.0,128,6.416417121887207
layer4.1.conv2.weight,340,layer4.1.conv2.weight_ch340,0.018163667991757393,0.07860442996025085,152.52088928222656,690820.3125,0.013462947681546211,100.0,4608,5.064359664916992
layer4.1.conv2.weight,129,layer4.1.conv2.weight_ch129,0.017697690054774284,0.0738242119550705,123.33079528808594,555457.1875,0.013431167230010033,100.0,4608,5.064359664916992
layer3.4.conv2.weight,236,layer3.4.conv2.weight_ch236,0.025210190564393997,0.11537174880504608,106.99862670898438,242025.640625,0.01876409351825714,100.0,2304,5.51312780380249
layer4.0.conv2.weight,418,layer4.0.conv2.weight_ch418,0.018058039247989655,0.08637988567352295,92.47279357910156,408684.5625,0.013804838992655277,100.0,4608,4.4487762451171875
layer3.4.conv2.weight,172,layer3.4.conv2.weight_ch172,0.025580059736967087,0.11641709506511688,83.61841583251953,184684.984375,0.018938587978482246,100.0,2304,5.51312780380249
layer2.3.conv3.weight,422,layer2.3.conv3.weight_ch422,0.054552607238292694,0.21877257525920868,82.1968994140625,8810.447265625,0.04203065484762192,100.0,128,5.413695335388184
conv1.weight,43,conv1.weight_ch43,0.054111115634441376,0.2291862815618515,81.32156372070312,10566.8310546875,0.05074222385883331,100.0,147,16.32292366027832
layer3.4.conv2.weight,187,layer3.4.conv2.weight_ch187,0.025873513892292976,0.11933708190917969,79.94308471679688,177739.546875,0.01952352747321129,100.0,2304,5.51312780380249
layer3.5.conv3.weight,1006,layer3.5.conv3.weight_ch1006,0.036981016397476196,0.1291506141424179,79.56779479980469,19944.8046875,0.026872145012021065,100.0,256,4.302753448486328
conv1.weight,50,conv1.weight_ch50,0.06743321567773819,0.361338347196579,73.97340393066406,9283.3515625,0.07287409901618958,100.0,147,16.32292366027832
layer3.5.conv3.weight,1015,layer3.5.conv3.weight_ch1015,0.037014443427324295,0.1626661717891693,64.9730453491211,16215.3916015625,0.028824320062994957,100.0,256,4.302753448486328
layer3.4.conv2.weight,148,layer3.4.conv2.weight_ch148,0.025147220119833946,0.12850748002529144,60.31600570678711,125730.3359375,0.01916332356631756,100.0,2304,5.51312780380249
layer3.4.conv2.weight,41,layer3.4.conv2.weight_ch41,0.02506300061941147,0.10478377342224121,56.7895393371582,123721.3515625,0.018443584442138672,100.0,2304,5.51312780380249
layer4.0.conv2.weight,52,layer4.0.conv2.weight_ch52,0.018411196768283844,0.08997342735528946,55.02476119995117,206387.28125,0.013856559991836548,100.0,4608,4.4487762451171875
layer2.2.conv3.weight,436,layer2.2.conv3.weight_ch436,0.06004498153924942,0.17998714745044708,55.00259780883789,6829.7177734375,0.043369464576244354,100.0,128,6.416417121887207
layer3.0.conv2.weight,132,layer3.0.conv2.weight_ch132,0.025828389450907707,0.12181900441646576,54.87494659423828,120197.8984375,0.019396299496293068,100.0,2304,6.3652544021606445
conv1.weight,61,conv1.weight_ch61,0.06488922983407974,0.36577513813972473,54.02681350708008,6141.1630859375,0.06400168687105179,100.0,147,16.32292366027832
layer4.1.conv2.weight,213,layer4.1.conv2.weight_ch213,0.017865145578980446,0.09089194983243942,53.00823211669922,228979.515625,0.01335056871175766,100.0,4608,5.064359664916992
conv1.weight,12,conv1.weight_ch12,0.05933048576116562,0.24832215905189514,51.37455749511719,5616.14990234375,0.05422030761837959,100.0,147,16.32292366027832
layer3.5.conv3.weight,511,layer3.5.conv3.weight_ch511,0.037171073257923126,0.17019492387771606,51.208106994628906,12744.33203125,0.02926340140402317,100.0,256,4.302753448486328
layer3.5.conv3.weight,322,layer3.5.conv3.weight_ch322,0.040255554020404816,0.15048259496688843,44.52273178100586,10932.85546875,0.029408210888504982,100.0,256,4.302753448486328
layer2.2.conv3.weight,130,layer2.2.conv3.weight_ch130,0.0499861054122448,0.1944429576396942,42.75992202758789,5132.28369140625,0.037684403359889984,100.0,128,6.416417121887207
layer2.2.conv3.weight,435,layer2.2.conv3.weight_ch435,0.054577842354774475,0.19671916961669922,41.024070739746094,4990.52783203125,0.03641409054398537,100.0,128,6.416417121887207
layer2.0.conv3.weight,202,layer2.0.conv3.weight_ch202,0.05476323887705803,0.22714364528656006,40.755287170410156,2597.775146484375,0.04088091850280762,100.0,128,5.565335273742676
layer2.3.conv2.weight,91,layer2.3.conv2.weight_ch91,0.03629308566451073,0.19440069794654846,40.3038330078125,43522.921875,0.027213118970394135,100.0,1152,6.499204635620117
conv1.weight,36,conv1.weight_ch36,0.06143654137849808,0.19247734546661377,39.72591781616211,4539.44677734375,0.04309861361980438,100.0,147,16.32292366027832
layer2.2.conv3.weight,305,layer2.2.conv3.weight_ch305,0.051600582897663116,0.21809974312782288,39.30412673950195,4896.70361328125,0.04028472304344177,100.0,128,6.416417121887207
layer2.3.conv3.weight,407,layer2.3.conv3.weight_ch407,0.05653535574674606,0.1724889874458313,39.303226470947266,4853.7177734375,0.04018448665738106,100.0,128,5.413695335388184
layer4.0.conv2.weight,283,layer4.0.conv2.weight_ch283,0.01819884404540062,0.08323262631893158,37.535484313964844,149969.765625,0.013616038486361504,100.0,4608,4.4487762451171875
layer3.5.conv3.weight,97,layer3.5.conv3.weight_ch97,0.03528617322444916,0.13199153542518616,35.42290496826172,6266.619140625,0.02602100558578968,100.0,256,4.302753448486328
layer2.2.conv3.weight,453,layer2.2.conv3.weight_ch453,0.04966824874281883,0.17806050181388855,34.88531494140625,4184.99169921875,0.039394184947013855,100.0,128,6.416417121887207
layer2.2.conv3.weight,344,layer2.2.conv3.weight_ch344,0.05334925279021263,0.17915181815624237,34.86073684692383,4138.60302734375,0.03661435469985008,100.0,128,6.416417121887207
layer2.3.conv2.weight,119,layer2.3.conv2.weight_ch119,0.03553850203752518,0.19636699557304382,34.73653793334961,37402.6640625,0.02693667821586132,100.0,1152,6.499204635620117
conv1.weight,45,conv1.weight_ch45,0.06994450092315674,0.25942546129226685,34.651939392089844,2274.34716796875,0.056167688220739365,100.0,147,16.32292366027832
layer4.0.conv2.weight,453,layer4.0.conv2.weight_ch453,0.01809552311897278,0.07655632495880127,33.63584899902344,123165.5234375,0.013751296326518059,100.0,4608,4.4487762451171875
layer4.0.conv2.weight,46,layer4.0.conv2.weight_ch46,0.017994560301303864,0.08467072248458862,31.241933822631836,129254.0078125,0.013693231157958508,100.0,4608,4.4487762451171875
conv1.weight,17,conv1.weight_ch17,0.07454539835453033,0.4338894784450531,31.08872413635254,2973.919677734375,0.07916172593832016,100.0,147,16.32292366027832
layer3.5.conv3.weight,611,layer3.5.conv3.weight_ch611,0.03846912086009979,0.1332167685031891,30.24468994140625,7059.40869140625,0.030181003734469414,100.0,256,4.302753448486328
